day,daily_sales
1,549.31
2,458.91
3,1560.37
4,1785.64
5,856.93
6,1008.15
7,1271.29
8,1203.85
9,1050.95
10,1714.38
11,2266.01
12,2306.72
13,1863.5
14,1835.94
15,1371.23
16,1378.48
17,2203.17
18,2104.61
19,2741.2
20,1811.38
21,2396.83
22,1580.03
23,1728.8
24,2207.51
25,3584.79
26,2656.65
27,2192.57
28,1731.83
29,3020.03
30,3066.35
31,2673.41
32,3214.75
33,4240.88
34,3252.05
35,3125.05
36,3889.28
37,2151.7
38,2892.16
39,4812.45
40,4801.21
41,3821.04
42,3285.29
43,3347.23
44,3439.8
45,3647.87
46,4682.99
47,5849.75
48,3934.7
49,3768.58
50,3724.31
51,4655.53
52,4984.55
53,5323.41
54,5402.69
55,3644.37
56,3446.83
57,3856.14
58,4558.76
59,4429.13
60,6140.73
61,5168.21
62,5205.03
63,4732.76
64,4031.51
65,6264.48
66,6651.03
67,8409.25
68,7700.32
69,7974.07
70,5180.57
71,6596.45
72,6274.39
73,6713.22
74,8755.18
75,9517.42
76,7223.1
77,6713.56
78,6767.04
79,6639.56
80,7204.01
81,8616.82
82,10023.21
83,6839.05
84,7081.04
85,7179.75
86,7042.68
87,9261.92
88,8565.33
89,9233.24
90,7314.57
91,8588.05
92,7715.69
93,8153.73
94,8293.09
95,11283.67
96,11526.36
97,8674.07
98,7200.62
99,9936.2
100,8961.47
101,11841.79
102,13081.59
103,14565.55
104,11101.36
105,11532.63
106,10231.61
107,10261.81
108,9831.54
109,12001.2
110,14174.86
111,9911.75
112,8888.67
113,11677.19
114,12013.45
115,10823.09
116,12145.52
117,14096.68
118,10278.07
119,9439.26
120,9677.25
121,9112.85
122,11073.88
123,11828.34
124,14558.53
125,10493.2
126,8154.52
127,8879.48
128,9900.76
129,9131.54
130,12707.84
131,13269.54
132,11961.96
133,11226.29
134,11093.35
135,12372.44
136,10827.39
137,13522.13
138,15105.34
139,12050.39
140,11044.25
141,11382.47
142,10657.39
143,11333.54
144,12569.24
145,14225.05
146,11834.52
147,10762.1
148,9481.43
149,9117.06
150,12162.51
151,11972.37
152,13803.83
153,8743.74
154,10327.56
155,8147.01
156,9295.05
157,12410.02
158,12520.11
159,14625.86
160,11992.71
161,8707.87
162,10957.12
163,12325.07
164,13447.15
165,16651.4
166,14624.78
167,13569.66
168,12201.25
169,12390.42
170,10706.98
171,11209.78
172,12893.34
173,15955.39
174,9873.31
175,9227.65
176,9842.22
177,10238.79
178,12114.88
179,12182.25
180,15729.82
181,9940.87
182,9487.13
183,10271.82
184,10057.72
185,11776.47
186,13807.04
187,14568.02
188,9260.36
189,9288.85
190,8597.24
191,10694.43
192,11103.49
193,14772.52
194,14839.31
195,12254.48
196,13221.9
197,11247.18
198,11441.75
199,11180.37
200,13821.4
201,15859.9
202,11212.03
203,10249.52
204,8674.29
205,10906.89
206,9338.97
207,13350.9
208,16399.25
209,10110.81
210,9331.41
211,11099.3
212,10457.1
213,10297.84
214,13968.43
215,12378.99
216,9866.84
217,8622.7
218,9133.23
219,9933.73
220,9512.99
221,13266.01
222,16388.45
223,12241.19
224,10862.19
225,11081.56
226,9975.76
227,12623.61
228,13473.38
229,15538.78
230,11859.01
231,10015.12
232,11355.85
233,9691.86
234,10980.16
235,12503.9
236,15270.23
237,9890.12
238,10031.0
239,9463.63
240,9401.51
241,12635.13
242,16258.05
243,15304.39
244,14060.12
245,15192.56
246,20901.13
247,5905.22
248,7785.53
249,9930.1
250,10309.23
251,11105.16
252,10255.28
253,9272.63
254,11890.18
255,11986.38
256,17448.37
257,15366.25
258,15634.65
259,11129.41
260,13312.26
261,14476.93
262,10084.09
263,13804.83
264,12464.04
265,9854.32
266,12947.84
267,11415.31
268,9445.99
269,10635.83
270,12793.97
271,15334.18
272,12875.46
273,12533.53
274,12378.7
275,14520.57
276,23018.88
277,14635.13
278,22.49
279,10859.1
280,11583.51
281,8657.83
282,10385.01
283,12995.44
284,18680.19
285,10477.5
286,12774.84
287,13310.8
288,12194.08
289,12272.98
290,12313.01
291,14565.53
292,15939.05
293,12709.37
294,8885.3
295,11019.49
296,11558.76
297,10560.52
298,15764.87
299,13455.56
300,13376.2
301,9516.8
302,8807.68
303,9311.91
304,11145.45
305,14775.5
306,16159.78
307,12478.52
308,9598.97
309,9918.09
310,9581.29
311,9264.53
312,13515.05
313,15325.86
314,11921.73
315,10800.69
316,10999.15
317,12485.71
318,13792.21
319,18881.38
320,16997.21
321,12840.64
322,10477.29
323,10192.26
324,10646.35
325,14526.42
326,14139.02
327,17013.48
328,13172.51
329,10001.76
330,10328.48
331,10141.19
332,10639.56
333,12828.87
334,13187.91
335,11399.28
336,11030.12
337,10847.86
338,9123.08
339,12477.97
340,15137.75
341,15789.44
342,10689.63
343,10268.55
344,12184.64
345,13404.13
346,11507.06
347,16148.61
348,16017.05
349,11930.83
350,9281.16
351,11031.45
352,9989.42
353,12189.89
354,14084.88
355,17021.89
356,10539.12
357,10015.94
358,11020.24
359,10447.82
360,13120.29
361,14287.4
362,15455.68
363,14814.22
364,8555.63
365,9340.74
366,9206.23
367,12410.42
368,13797.36
369,15115.15
370,13435.84
371,10823.79
372,11289.65
373,9805.74
374,11725.55
375,14351.42
376,16482.9
377,13843.14
378,12729.35
379,9969.28
380,9420.08
381,11032.43
382,14217.97
383,15850.23
384,12577.04
385,8515.04
386,10540.91
387,11945.53
388,15780.63
389,17779.79
390,11919.1
391,10460.25
392,11717.71
393,10126.12
394,9948.96
395,11186.13
396,14256.93
397,14908.8
398,10802.92
399,10922.94
400,11038.84
401,10522.43
402,10919.03
403,14485.93
404,15002.6
405,13725.95
406,11691.86
407,10999.03
408,14161.34
409,13831.78
410,15192.31
411,17098.94
412,12721.58
413,12377.35
414,11153.96
415,11396.86
416,11968.4
417,15030.72
418,16338.12
419,12566.66
420,11678.95
421,11436.14
422,12338.11
423,12746.96
424,13035.02
425,16783.0
426,12046.57
427,10114.42
428,10778.7
429,9378.58
430,14090.36
431,16093.43
432,15679.75
433,13445.76
434,11015.47
435,10709.69
436,11692.45
437,13839.51
438,15231.99
439,16873.89
440,14432.61
441,10752.94
442,12968.85
443,11213.76
444,12317.51
445,13086.05
446,16410.18
447,11959.66
448,10995.52
449,10920.09
450,13050.78
451,12030.61
452,13330.68
453,15109.14
454,11165.11
455,9867.59
456,9848.05
457,9131.61
458,11525.71
459,13732.02
460,12418.17
461,12299.07
462,9961.89
463,9940.26
464,12718.88
465,14345.32
466,17068.73
467,14616.58
468,14475.72
469,16868.78
470,11039.29
471,13525.76
472,12320.85
473,13813.06
474,15923.1
475,13342.88
476,10477.93
477,11233.12
478,11478.82
479,11953.42
480,12808.57
481,15115.16
482,11689.03
483,9696.99
484,8734.51
485,12060.71
486,12031.49
487,14443.14
488,16331.12
489,11516.76
490,9881.4
491,9504.61
492,11498.84
493,12679.19
494,13823.78
495,14965.12
496,12168.59
497,13335.59
498,10945.86
499,14505.43
500,13347.02
501,15047.82
502,17580.16
503,14223.64
504,11867.24
505,12040.33
506,12697.42
507,10457.93
508,13131.41
509,13113.29
510,13717.54
511,10799.24
512,10297.39
513,10452.0
514,12309.62
515,13963.11
516,14102.41
517,11036.89
518,11460.18
519,10089.19
520,10509.1
521,10838.7
522,15071.47
523,14156.89
524,10200.19
525,11187.39
526,9439.23
527,12501.87
528,14651.75
529,15860.3
530,15010.67
531,14741.1
532,13232.0
533,10097.76
534,12694.1
535,12412.25
536,14158.31
537,14825.9
538,10945.87
539,10856.46
540,9698.55
541,9826.42
542,11639.09
543,13853.95
544,14281.68
545,12879.22
546,10605.2
547,9658.71
548,9491.98
549,10605.42
550,14249.63
551,14984.46
552,11466.16
553,9251.59
554,10053.72
555,10312.29
556,11779.59
557,13433.7
558,16906.69
559,12707.31
560,11068.92
561,10736.69
562,11889.88
563,13735.55
564,14337.88
565,15691.73
566,12929.48
567,13182.32
568,10804.94
569,9589.8
570,10063.63
571,14594.12
572,15780.83
573,11561.03
574,10672.09
575,10015.54
576,8829.11
577,11212.45
578,13995.62
579,16915.08
580,12814.17
581,10998.12
582,11376.16
583,9655.15
584,10899.39
585,14996.93
586,15194.95
587,12813.96
588,11837.53
589,10789.08
590,12384.68
591,13165.97
592,17722.95
593,18949.29
594,12622.37
595,11070.95
596,10913.6
597,9786.23
598,11813.23
599,14105.94
600,16132.92
601,11936.74
602,12284.37
603,9800.42
604,11743.41
605,13692.13
606,15610.2
607,16324.2
608,15889.59
609,17403.48
610,20144.7
611,6962.67
612,8996.58
613,9945.83
614,13126.72
615,11001.99
616,12147.22
617,10060.04
618,9499.69
619,12595.11
620,15628.61
621,19612.1
622,11817.41
623,13220.04
624,12020.49
625,11909.81
626,12427.54
627,15148.31
628,16395.64
629,11508.6
630,11712.72
631,9486.49
632,11095.11
633,12721.51
634,16449.13
635,13949.02
636,13093.74
637,13354.16
638,12983.61
639,13900.69
640,19095.37
641,24760.1
642,16005.2
643,2.99
644,11830.28
645,11304.24
646,10303.79
647,12934.03
648,17882.26
649,16574.57
650,10506.34
651,13300.13
652,13579.64
653,11828.22
654,13218.01
655,16554.43
656,17977.47
657,10786.09
658,11436.13
659,11441.0
660,12117.53
661,11727.53
662,15434.41
663,15952.37
664,12258.74
665,10498.08
666,9249.14
667,10022.53
668,12333.34
669,19105.24
670,13342.84
671,12227.0
672,11626.08
673,9010.78
674,11474.57
675,13070.69
676,15630.94
677,15799.2
678,10683.38
679,10642.14
680,12922.52
681,13594.82
682,13059.9
683,17710.28
684,20335.99
685,13812.38
686,13986.46
687,10744.16
688,12433.57
689,10797.33
690,16990.84
691,22599.18
692,23511.82
693,7573.73
694,9457.07
695,10204.26
696,12133.82
697,14614.29
698,15568.11
699,11007.9
700,9089.6
701,12162.44
702,9818.26
703,11677.97
704,14173.15
705,16477.93
706,11443.89
707,10632.36
708,9949.9
709,11245.74
710,12758.04
711,15938.7
